response_id,brand,fact_key,claim_text
r_45e5f1edf3b3,corvane,hq,"It's based in Columbus, Georgia."
r_84a769ae204a,corvane,features.eld_compliance,"Note that it doesn't support ELD compliance, so you'd need a separate tool."
r_a7cf6bbb0a6f,corvane,founded,It was founded in 2009.
r_e8ff63ded7af,corvane,hq,"It's based in Columbus, Georgia."
r_1ae13d7513eb,corvane,hq,The company is headquartered in Chicago.
r_36d4699ae808,corvane,starting_price_usd,Pricing starts at around $45 per vehicle per month.
r_cbb3c24b5c1a,corvane,starting_price_usd,Expect to pay from $49 per vehicle each month.
r_ab0b9d6c0cd0,corvane,starting_price_usd,Expect to pay from $49 per vehicle each month.
r_e475b7053f3d,corvane,starting_price_usd,Expect to pay from $49 per vehicle each month.
r_1e779c3e939e,corvane,hq,"It's based in Columbus, Georgia."
r_3f862c81958d,corvane,hq,The company is headquartered in Chicago.
r_f94535f1829e,corvane,founded,It was founded in 2009.
r_77a9cfddabe3,corvane,features.eld_compliance,"Note that it doesn't support ELD compliance, so you'd need a separate tool."
r_b596e3f92dda,corvane,features.dashcams,It also includes built-in AI dashcams.
r_3d4011bee616,corvane,integrations,It doesn't integrate with QuickBooks.
r_76a3e51cd8fb,corvane,hq,"It's based in Columbus, Georgia."
r_110435c2047e,corvane,features.eld_compliance,"Note that it doesn't support ELD compliance, so you'd need a separate tool."
r_566af6a71638,corvane,integrations,It doesn't integrate with QuickBooks.
r_2454137d6342,corvane,founded,It was founded in 2009.
r_c0bf52469ed7,corvane,features.dashcams,It also includes built-in AI dashcams.
r_4c857da8da8b,corvane,founded,It was founded in 2009.
r_e0aa92729628,corvane,starting_price_usd,Pricing starts at around $45 per vehicle per month.
r_7799791c6f13,corvane,hq,The company is headquartered in Chicago.
r_3bb7b04f102a,corvane,integrations,It doesn't integrate with QuickBooks.
r_a8bfc5356bfd,corvane,starting_price_usd,Expect to pay from $49 per vehicle each month.
r_50f67e20f40d,corvane,hq,The company is headquartered in Chicago.
r_48acd2347a17,corvane,starting_price_usd,Expect to pay from $49 per vehicle each month.
r_af07f3755749,corvane,starting_price_usd,Pricing starts at around $45 per vehicle per month.
r_f0c9f5405128,corvane,hq,The company is headquartered in Chicago.
r_1e33bd7b2239,corvane,hq,The company is headquartered in Chicago.
r_bf238c68ad62,corvane,hq,"It's based in Columbus, Georgia."
r_c9b221059cc9,corvane,starting_price_usd,Pricing starts at around $45 per vehicle per month.
r_b4d2633540f5,corvane,features.eld_compliance,"Note that it doesn't support ELD compliance, so you'd need a separate tool."
r_6933be4d36b0,corvane,features.eld_compliance,"Note that it doesn't support ELD compliance, so you'd need a separate tool."
r_306f1896fa60,corvane,features.dashcams,It also includes built-in AI dashcams.
r_5cb3a2531c6a,corvane,features.eld_compliance,"Note that it doesn't support ELD compliance, so you'd need a separate tool."
r_03c6c81990f1,corvane,features.eld_compliance,"Note that it doesn't support ELD compliance, so you'd need a separate tool."
r_c40969b26c7a,corvane,features.eld_compliance,"Note that it doesn't support ELD compliance, so you'd need a separate tool."
r_addd01e7f5e7,corvane,hq,"It's based in Columbus, Georgia."
r_b0ce309055d6,corvane,starting_price_usd,Pricing starts at around $45 per vehicle per month.
r_98ef05967f2a,corvane,integrations,It doesn't integrate with QuickBooks.
r_e4faa2416c0c,corvane,hq,The company is headquartered in Chicago.
r_7864845f1ab2,corvane,hq,The company is headquartered in Chicago.
r_bdbe9037bd2b,corvane,features.dashcams,It also includes built-in AI dashcams.
r_6be30ae95660,corvane,founded,It was founded in 2009.
r_946eb0bd5ce5,corvane,integrations,It doesn't integrate with QuickBooks.
r_9640059cb379,corvane,founded,It was founded in 2009.
